image_id,class_id
20121030000821.png,TB
20121031000511.png,TB
20121106000865.png,TB
20121227001631.png,TB
20121228001159.png,TB
20130103000497.png,TB
20130103000596.png,TB
20130105000207.png,TB
20130108001620.png,TB
20130108001806.png,TB
20130110001193.png,TB
20130111000514.png,TB
20130115001263.png,TB
20130116000738.png,TB
20130122000677.png,TB
20130130001782.png,TB
20130216000004.png,TB
20130219000642.png,TB
20130221001015.png,TB
20130222001458.png,TB
20130226002395.png,TB
20130227000837.png,TB
20130301000213.png,TB
20130302000288.png,TB
20130307000476.png,TB
20130328001077.png,TB
20130328001477.png,TB
20130328001986.png,TB
20130403000946.png,TB
20130405000271.png,TB
20130406000568.png,TB
20130413000708.png,TB
20130415000365.png,TB
20130417000855.png,TB
20130423001094.png,TB
20130425002166.png,TB
20130427001184.png,TB
20130502002441.png,TB
20130504000403.png,TB
20130513000729.png,TB
20130517001031.png,TB
20130522000517.png,TB
20130604001997.png,TB
20130605002099.png,TB
20130616000042.png,TB
20130625001138.png,TB
20130625001993.png,TB
20130628000083.png,TB
20130701001836.png,TB
20130707000091.png,TB
20130715001107.png,TB
20130717001263.png,TB
20130718001582.png,TB
20130723001045.png,TB
20130727000101.png,TB
20130804000127.png,TB
20130812002140.png,TB
20130814000503.png,TB
20130815000883.png,TB
20130816000913.png,TB
20130817000325.png,TB
20130824000520.png,TB
20130909002594.png,TB
20130910000116.png,TB
20130910000577.png,TB
20130914000171.png,TB
20130916001595.png,TB
20130926001079.png,TB
20130927000144.png,TB
20131008002618.png,TB
20131014000440.png,TB
20131021002447.png,TB
20131026000120.png,TB
20131030001415.png,TB
20131102000104.png,TB
20131104001070.png,TB
20131104001419.png,TB
20131106001793.png,TB
20131112002262.png,TB
20131116000109.png,TB
20131117000249.png,TB
20131118000429.png,TB
20131118001633.png,TB
20131125001194.png,TB
20131126002292.png,TB
20131130000075.png,TB
20131206000260.png,TB
20131209000987.png,TB
20131211000761.png,TB
20131218001950.png,TB
20131223001676.png,TB
20131225000999.png,TB
20131227001893.png,TB
20131229000266.png,TB
20140103000061.png,TB
20140111000790.png,TB
20140113002062.png,TB
20140117000947.png,TB
20140117002004.png,TB
20140122001698.png,TB
20140128000239.png,TB
20140129000061.png,TB
20140129000413.png,TB
20140210002521.png,TB
20140213001294.png,TB
20140215000017.png,TB
20140216000013.png,TB
20140217002738.png,TB
20140224000195.png,TB
20140226000910.png,TB
20140303001774.png,TB
20140303001868.png,TB
20140307001018.png,TB
20140314000347.png,TB
20140315000399.png,TB
20140317000502.png,TB
20140317002295.png,TB
20140318000555.png,TB
20140318000939.png,TB
20140318002854.png,TB
20140319002497.png,TB
20140325001031.png,TB
20140326000247.png,TB
20140327000142.png,TB
20140327001548.png,TB
20140327001762.png,TB
20140402001005.png,TB
20140403001883.png,TB
20140404000481.png,TB
20140404001635.png,TB
20140405000037.png,TB
20140407000716.png,TB
20140408001143.png,TB
20140410000335.png,TB
20140416002165.png,TB
20140416002213.png,TB
20140421002382.png,TB
20140428002178.png,TB
20140502000206.png,TB
20140504000768.png,TB
20140507000306.png,TB
20140512001631.png,TB
20140513002596.png,TB
20140514001009.png,TB
20140515001111.png,TB
20140515001689.png,TB
20140516001513.png,TB
20140517000476.png,TB
20140519002176.png,TB
20140521001476.png,TB
20140522002418.png,TB
20140523001512.png,TB
20140526000253.png,TB
20140528000462.png,TB
20140528001037.png,TB
20140602000439.png,TB
20140605000550.png,TB
20140609001111.png,TB
20140616000229.png,TB
20140625000484.png,TB
20140628000369.png,TB
20140702000074.png,TB
20140708002111.png,TB
20140709000429.png,TB
20140715001120.png,TB
20140718001622.png,TB
20140722001205.png,TB
20140724001139.png,TB
20140728000455.png,TB
20140729001556.png,TB
20140729001875.png,TB
20140804000753.png,TB
20140804002144.png,TB
20140809000702.png,TB
20140821001687.png,TB
20140902001846.png,TB
20140904000361.png,TB
20140907000185.png,TB
20140910000353.png,TB
20140911002163.png,TB
20140915000917.png,TB
20140915001063.png,TB
20140919001105.png,TB
20140922002851.png,TB
20140923000748.png,TB
20140925002200.png,TB
20140929001680.png,TB
20140929001959.png,TB
20141009000770.png,TB
20141010001024.png,TB
20141016001176.png,TB
20141029000408.png,TB
20141103001833.png,TB
20141103001921.png,TB
20141108000032.png,TB
20141108000568.png,TB
20141110002953.png,TB
20141111000540.png,TB
20141114001915.png,TB
20141115000889.png,TB
20141118001473.png,TB
20141201002156.png,TB
20141205001104.png,TB
20141208002394.png,TB
20141217000245.png,TB
20150103000537.png,TB
20150106000148.png,TB
20150109000981.png,TB
20150109001201.png,TB
20150112002391.png,TB
20150117000264.png,TB
20150121000923.png,TB
20150121001882.png,TB
20150122000355.png,TB
20150206001790.png,TB
20150214000462.png,TB
20150217000350.png,TB
20150223000567.png,TB
20150225002212.png,TB
20150302001981.png,TB
20150305000443.png,TB
20150306000353.png,TB
20150306000947.png,TB
20150307000642.png,TB
20150307000767.png,TB
20150307000775.png,TB
20150317000027.png,TB
20150324001827.png,TB
20150401000838.png,TB
20150410000278.png,TB
20150415001398.png,TB
20150417000745.png,TB
20150418000380.png,TB
20150418000648.png,TB
20150421001494.png,TB
20150422000232.png,TB
20150509000750.png,TB
20150511000874.png,TB
20150511002527.png,TB
20150514002021.png,TB
20150516000571.png,TB
20150518003096.png,TB
20150527002179.png,TB
20150602001240.png,TB
20150604000957.png,TB
20150613000864.png,TB
20150615001902.png,TB
20150616001205.png,TB
20150623002492.png,TB
20150709002213.png,TB
20150716002004.png,TB
20150717002203.png,TB
20150804001214.png,TB
20150929000778.png,TB
20150929001533.png,TB
20150930000350.png,TB
20151008003759.png,TB
20151011000057.png,TB
20151011000100.png,TB
20151014000747.png,TB
20151017000616.png,TB
20151028001208.png,TB
20151028001240.png,TB
20151215001510.png,TB
20151215002648.png,TB
20151223001516.png,TB
20151228002084.png,TB
20151228002936.png,TB
20151230001185.png,TB
20160104002585.png,TB
20160106000898.png,TB
20160106002992.png,TB
20160108001279.png,TB
20160112003263.png,TB
20160113000533.png,TB
20160121001865.png,TB
20160127002767.png,TB
20160129000987.png,TB
20160212000111.png,TB
20160225001426.png,TB
20160229000534.png,TB
20160229002592.png,TB
20160309002607.png,TB
20160405000607.png,TB
20160506002227.png,TB
20160510002261.png,TB
20160513001218.png,TB
20160527002289.png,TB
20160530001991.png,TB
20160531002484.png,TB
20160531003003.png,TB
20160603001861.png,TB
20160604000315.png,TB
20160611000282.png,TB
20160611000296.png,TB
20160615001034.png,TB
20160620002301.png,TB
20160630002056.png,TB
20160707000393.png,TB
20160720001201.png,TB
20160721001137.png,TB
20160727002358.png,TB
20160823001644.png,TB
20160908001351.png,TB
20160914000888.png,TB
20160921002328.png,TB
20161003000698.png,TB
20161015000391.png,TB
20161015000717.png,TB
20161026000628.png,TB
20161103000611.png,TB
20161120000220.png,TB
20161123000756.png,TB
20161123001231.png,TB
20161125000230.png,TB
20161201001149.png,TB
20161202000941.png,TB
20161209001241.png,TB
20161211000210.png,TB
20170107000373.png,TB
20170120000465.png,TB
20170123001213.png,TB
20170126000199.png,TB
20170131000574.png,TB
20170203000852.png,TB
20170213003237.png,TB
20170214001699.png,TB
20170224000131.png,TB
20170228003050.png,TB
20170304000171.png,TB
20170321001214.png,TB
20170328003881.png,TB
20170410003643.png,TB
20170425000629.png,TB
20170425000819.png,TB
20170429000571.png,TB
20170504002921.png,TB
20170515001834.png,TB
20170516000994.png,TB
20170523001106.png,TB
20170602000484.png,TB
20170605000659.png,TB
20170607001260.png,TB
20170611000052.png,TB
20170613003469.png,TB
20170615001166.png,TB
20170622000300.png,TB
20170624000761.png,TB
20170628000800.png,TB
20170714002469.png,TB
20170717002768.png,TB
20170810002352.png,TB
20170828002035.png,TB
20170911003658.png,TB
20170918004010.png,TB
20170927000556.png,TB
20171019003238.png,TB
20171020000622.png,TB
20171027000360.png,TB
20171102001829.png,TB
20171104000509.png,TB
20171105000289.png,TB
20171109001443.png,TB
20171114001945.png,TB
20171117001274.png,TB
20171121003502.png,TB
20180108000521.png,TB
20180110002219.png,TB
20180118001744.png,TB
20180125001307.png,TB
20180201002937.png,TB
20180207002840.png,TB
20180219000664.png,TB
20180227000870.png,TB
20180301001539.png,TB
20180320002017.png,TB
20180326004950.png,TB
20180408003796.png,TB
20180411001844.png,TB
20180416004143.png,TB
20180424004480.png,Normal
20180424004483.png,Normal
20180424004612.png,Normal
20180425000005.png,Normal
20180425000016.png,Normal
20180425000348.png,Normal
20180425000361.png,Normal
20180425000389.png,Normal
20180425000401.png,Normal
20180425000417.png,Normal
20180425000429.png,Normal
20180425000432.png,Normal
20180425000436.png,Normal
20180425000440.png,Normal
20180425000460.png,Normal
20180425000467.png,Normal
20180425000581.png,Normal
20180425000597.png,Normal
20180425000620.png,Normal
20180425000659.png,Normal
20180425000667.png,Normal
20180425000782.png,Normal
20180425000792.png,Normal
20180425000804.png,Normal
20180425000830.png,Normal
20180425000846.png,Normal
20180425001062.png,Normal
20180425001138.png,Normal
20180425002020.png,Normal
20180425002031.png,Normal
20180425002041.png,Normal
20180425002044.png,Normal
20180425002053.png,Normal
20180425002056.png,Normal
20180425002067.png,Normal
20180425002075.png,Normal
20180426000534.png,Normal
20180426000571.png,Normal
20180426000592.png,Normal
20180426000594.png,Normal
20180426000596.png,Normal
20180426000918.png,Normal
20180426000930.png,Normal
20180426000933.png,Normal
20180426000972.png,Normal
20180426000976.png,Normal
20180426000980.png,Normal
20180426001003.png,Normal
20180426001905.png,Normal
20180426001943.png,Normal
20180426001953.png,Normal
20180426001965.png,Normal
20180426002028.png,Normal
20180426002035.png,Normal
20180426002044.png,Normal
20180426002256.png,Normal
20180426002295.png,Normal
20180426002314.png,Normal
20180426002558.png,Normal
20180426002586.png,Normal
20180426002753.png,Normal
20180426002757.png,Normal
20180426002765.png,Normal
20180426002766.png,Normal
20180426002767.png,Normal
20180426002769.png,Normal
20180426002779.png,Normal
20180426002793.png,Normal
20180426002914.png,Normal
20180426003002.png,Normal
20180426003011.png,Normal
20180426003052.png,Normal
20180426003054.png,Normal
20180426003217.png,Normal
20180426003218.png,Normal
20180426003226.png,Normal
20180426003242.png,Normal
20180426003253.png,Normal
20180426003276.png,Normal
20180426003281.png,Normal
20180426003290.png,Normal
20180426003424.png,Normal
20180426003454.png,Normal
20180426003455.png,Normal
20180426003457.png,Normal
20180426003461.png,Normal
20180426003466.png,Normal
20180426003468.png,Normal
20180426003476.png,Normal
20180426003491.png,Normal
20180426003499.png,Normal
20180427000060.png,Normal
20180427000066.png,Normal
20180427000068.png,Normal
20180427000070.png,Normal
20180427000072.png,Normal
20180427000101.png,Normal
20180427000150.png,Normal
20180427000164.png,Normal
20180427000177.png,Normal
20180427000770.png,Normal
20180427000771.png,Normal
20180427000784.png,Normal
20180427000817.png,Normal
20180427000835.png,Normal
20180427000852.png,Normal
20180427001081.png,Normal
20180427001104.png,Normal
20180427001138.png,Normal
20180427001145.png,Normal
20180427001276.png,Normal
20180427001279.png,Normal
20180427001284.png,Normal
20180427001288.png,Normal
20180427001301.png,Normal
20180427001318.png,Normal
20180427001334.png,Normal
20180427001639.png,Normal
20180427001952.png,Normal
20180427001960.png,Normal
20180427002018.png,Normal
20180427002145.png,Normal
20180427002147.png,Normal
20180427002172.png,Normal
20180427002243.png,Normal
20180427002248.png,Normal
20180427002251.png,Normal
20180427002283.png,Normal
20180427002291.png,Normal
20180427002303.png,Normal
20180427002350.png,Normal
20180427002359.png,Normal
20180427002366.png,Normal
20180427002368.png,Normal
20180427002382.png,Normal
20180514001348.png,Normal
20180514001852.png,Normal
20180514002203.png,Normal
20180514002694.png,Normal
20180514002730.png,Normal
20180514002790.png,Normal
20180514003423.png,Normal
20180514003433.png,Normal
20180514003502.png,Normal
20180514003505.png,Normal
20180514003521.png,Normal
20180514003603.png,Normal
20180514003684.png,Normal
20180514003690.png,Normal
20180514003713.png,Normal
20180514003835.png,Normal
20180514003839.png,Normal
20180514003912.png,Normal
20180514003929.png,Normal
20180514003990.png,Normal
20180514004003.png,Normal
20180514004054.png,Normal
20180514004143.png,Normal
20180514004353.png,Normal
20180514004381.png,Normal
20180514004387.png,Normal
20180514004453.png,Normal
20180514004454.png,Normal
20180514004460.png,Normal
20180514004477.png,Normal
20180514004488.png,Normal
20180514004491.png,Normal
20180514004494.png,Normal
20180514004517.png,Normal
20180514004610.png,Normal
20180514004666.png,Normal
20180514004680.png,Normal
20180514004722.png,Normal
20180514004736.png,Normal
20180514004744.png,Normal
20180514004802.png,Normal
20180514004812.png,Normal
20180514004851.png,Normal
20180514004856.png,Normal
20180514004867.png,Normal
20180514004884.png,Normal
20180514004886.png,Normal
20180514004955.png,Normal
20180514004956.png,Normal
20180514004972.png,Normal
20180514004981.png,Normal
20180514004996.png,Normal
20180514004997.png,Normal
20180514005011.png,Normal
20180515000012.png,Normal
20180515000050.png,Normal
20180515000101.png,Normal
20180515000374.png,Normal
20180515000385.png,Normal
20180515000390.png,Normal
20180515000409.png,Normal
20180515000478.png,Normal
20180515000485.png,Normal
20180515000512.png,Normal
20180515000570.png,Normal
20180515000574.png,Normal
20180515000584.png,Normal
20180515000733.png,Normal
20180515000795.png,Normal
20180515000810.png,Normal
20180515000835.png,Normal
20180515000866.png,Normal
20180515000888.png,Normal
20180515000890.png,Normal
20180515000961.png,Normal
20180515000981.png,Normal
20180515000987.png,Normal
20180515001005.png,Normal
20180515001056.png,Normal
20180515001069.png,Normal
20180515001114.png,Normal
20180515001205.png,Normal
20180515001231.png,Normal
20180515001305.png,Normal
20180515001532.png,Normal
20180515001544.png,Normal
20180515001561.png,Normal
20180515001570.png,Normal
20180515001604.png,Normal
20180515001665.png,Normal
20180515001687.png,Normal
20180515001748.png,Normal
20180515001765.png,Normal
20180515001774.png,Normal
20180515001792.png,Normal
20180515001800.png,Normal
20180515001808.png,Normal
20180515001822.png,Normal
20180515001874.png,Normal
20180515001917.png,Normal
20180515002047.png,Normal
20180515002136.png,Normal
20180515002171.png,Normal
20180515002173.png,Normal
20180515002229.png,Normal
20180515002322.png,Normal
20180515002344.png,Normal
20180515002375.png,Normal
20180515002544.png,Normal
20180515002570.png,Normal
20180515002586.png,Normal
20180515002600.png,Normal
20180515002668.png,Normal
20180515002746.png,Normal
20180515002916.png,Normal
20180515002923.png,Normal
20180515002974.png,Normal
20180515003075.png,Normal
20180515003153.png,Normal
20180515003156.png,Normal
20180515003180.png,Normal
20180515003239.png,Normal
20180515003288.png,Normal
20180515003367.png,Normal
20180515003390.png,Normal
20180515003563.png,Normal
20180515003568.png,Normal
20180515003583.png,Normal
20180515003585.png,Normal
20180515003642.png,Normal
20180515003675.png,Normal
20180515003685.png,Normal
20180515003686.png,Normal
20180515003793.png,Normal
20180515003877.png,Normal
20180515003878.png,Normal
20180515003989.png,Normal
20180515004021.png,Normal
20180515004024.png,Normal
20180515004096.png,Normal
20180515004124.png,Normal
20180515004176.png,Normal
20180515004187.png,Normal
20180515004299.png,Normal
20180515004325.png,Normal
20180515004403.png,Normal
20180515004426.png,Normal
20180516000139.png,Normal
20180516000178.png,Normal
20180516000267.png,Normal
20180516000302.png,Normal
20180516000397.png,Normal
20180516000429.png,Normal
20180516000469.png,Normal
20180516000541.png,Normal
20180516000653.png,Normal
20180516000664.png,Normal
20180516000677.png,Normal
20180516000700.png,Normal
20180516000765.png,Normal
20180516001027.png,Normal
20180516001106.png,Normal
20180516001145.png,Normal
20180516001158.png,Normal
20180516001162.png,Normal
20180516001274.png,Normal
20180516001325.png,Normal
20180516001396.png,Normal
20180516001453.png,Normal
20180516001509.png,Normal
20180516001759.png,Normal
20180516001823.png,Normal
20180516001829.png,Normal
20180516001891.png,Normal
20180516001912.png,Normal
20180516002123.png,Normal
20180516002140.png,Normal
20180516002197.png,Normal
20180516002244.png,Normal
20180516002262.png,Normal
20180516002300.png,Normal
20180516002325.png,Normal
20180516002338.png,Normal
20180516002391.png,Normal
20180516002456.png,Normal
20180516002555.png,Normal
20180516002699.png,Normal
20180516002701.png,Normal
20180516002731.png,Normal
20180516002734.png,Normal
20180516002744.png,Normal
20180516002798.png,Normal
20180516002806.png,Normal
20180516002939.png,Normal
20180516002962.png,Normal
20180516002989.png,Normal
20180516003054.png,Normal
20180516003059.png,Normal
20180516003066.png,Normal
20180516003079.png,Normal
20180516003094.png,Normal
20180516003161.png,Normal
20180516003235.png,Normal
20180516003304.png,Normal
20180516003335.png,Normal
20180516003349.png,Normal
20180516003373.png,Normal
20180516003400.png,Normal
20180516003412.png,Normal
20180516003425.png,Normal
20180516003442.png,Normal
20180516003514.png,Normal
20180516003521.png,Normal
20180516003593.png,Normal
20180516003675.png,Normal
20180516003712.png,Normal
20180516003727.png,Normal
20180516003739.png,Normal
20180516003796.png,Normal
20180517000091.png,Normal
20180517000162.png,Normal
20180517000209.png,Normal
20180517000219.png,Normal
20180517000231.png,Normal
20180517000255.png,Normal
20180517000409.png,Normal
20180517000412.png,Normal
20180517000414.png,Normal
20180517000479.png,Normal
20180517000511.png,Normal
20180517000575.png,Normal
20180517000661.png,Normal
20180517000730.png,Normal
20180517000735.png,Normal
20180517000745.png,Normal
20180517000792.png,Normal
20180517000927.png,Normal
20180517000935.png,Normal
20180517000976.png,Normal
20180517000999.png,Normal
20180517001016.png,Normal
20180517001081.png,Normal
20180517001098.png,Normal
20180517001131.png,Normal
20180517001275.png,Normal
20180517001307.png,Normal
20180517001332.png,Normal
20180517001337.png,Normal
20180517001360.png,Normal
20180517001380.png,Normal
20180517001452.png,Normal
20180517001456.png,Normal
20180517001475.png,Normal
20180517001478.png,Normal
20180517001513.png,Normal
20180517001581.png,Normal
20180517001603.png,Normal
20180517001624.png,Normal
20180517001658.png,Normal
20180517001695.png,Normal
20180517001901.png,Normal
20180517002018.png,Normal
20180517002207.png,Normal
20180517002234.png,Normal
20180517002275.png,Normal
20180517002296.png,Normal
20180517002311.png,Normal
20180517002335.png,Normal
20180517002338.png,Normal
20180517002339.png,Normal
20180517002366.png,Normal
20180517002461.png,Normal
20180517002465.png,Normal
20180517002501.png,Normal
20180517002512.png,Normal
20180517002703.png,Normal
20180517002835.png,Normal
20180517002845.png,Normal
20180517002869.png,Normal
20180517003158.png,Normal
20180517003270.png,Normal
20180517003412.png,Normal
20180517003429.png,Normal
20180517003441.png,Normal
20180517003465.png,Normal
20180517003512.png,Normal
20180517003522.png,Normal
20180517003662.png,Normal
20180517003667.png,Normal
20180517003668.png,Normal
20180517003766.png,Normal
20180517003771.png,Normal
20180517003779.png,Normal
20180517003793.png,Normal
20180517003805.png,Normal
20180517003806.png,Normal
20180517003814.png,Normal
20180517003841.png,Normal
20180517003893.png,Normal
20180518000040.png,Normal
20180518000170.png,Normal
20180518000186.png,Normal
20180518000246.png,Normal
20180518000302.png,Normal
20180518000346.png,Normal
20180518000361.png,Normal
20180518000397.png,Normal
20180518000639.png,Normal
20180518000702.png,Normal
20180518000935.png,Normal
20180518000962.png,Normal
20180518001039.png,Normal
20180518001110.png,Normal
20180518001115.png,Normal
20180518001131.png,Normal
20180518001179.png,Normal
20180518001185.png,Normal
20180518001223.png,Normal
20180518001240.png,Normal
20180518001254.png,Normal
20180518001335.png,Normal
20180518001390.png,Normal
20180518001519.png,Normal
20180518001542.png,Normal
20180518001570.png,Normal
20180518001705.png,Normal
20180518001735.png,Normal
20180518001786.png,Normal
20180518001788.png,Normal
20180518002008.png,Normal
20180518002039.png,Normal
20180518002059.png,Normal
20180518002098.png,Normal
20180518002123.png,Normal
20180518002129.png,Normal
20180518002134.png,Normal
20180518002136.png,Normal
20180518002156.png,Normal
20180518002207.png,Normal
20180518002247.png,Normal
20180518002385.png,Normal
20180518002388.png,Normal
20180518002399.png,Normal
20180518002405.png,Normal
20180518002454.png,Normal
20180518002478.png,Normal
20180518002480.png,Normal
20180518002539.png,Normal
20180518002590.png,Normal
20180518002597.png,Normal
20180518002615.png,Normal
20180518002668.png,Normal
20180518002673.png,Normal
20180518002691.png,Normal
20180518002696.png,Normal
20180518002708.png,Normal
20180518002753.png,Normal
20180518002759.png,Normal
20180518002861.png,Normal
20180518002930.png,Normal
20180518002994.png,Normal
20180518003055.png,Normal
20180518003086.png,Normal
20180518003090.png,Normal
20180518003093.png,Normal
20180518003099.png,Normal
20180518003112.png,Normal
20180518003161.png,Normal
20180519000006.png,Normal
20180519000029.png,Normal
20180519000239.png,Normal
20180519000278.png,Normal
20180519000281.png,Normal
20180519000399.png,Normal
20180519000419.png,Normal
20180519000447.png,Normal
20180519000479.png,Normal
20180519000502.png,Normal
20180519000505.png,Normal
20180519000540.png,Normal
20180519000567.png,Normal
20180519000579.png,Normal
20180519000603.png,Normal
20180519000702.png,Normal
20180519000723.png,Normal
20180519000727.png,Normal
20180519000854.png,Normal
20180519000881.png,Normal
20180519000901.png,Normal
20180519000921.png,Normal
20180519000928.png,Normal
20180519000951.png,Normal
20180519000999.png,Normal
20180519001014.png,Normal
20180519001073.png,Normal
20180519001100.png,Normal
20180520000039.png,Normal
20180520000050.png,Normal
20180520000130.png,Normal
20180520000215.png,Normal
20180520000229.png,Normal
20180520000234.png,Normal
20180520000398.png,Normal
20180521000464.png,Normal
20180521000600.png,Normal
20180521000662.png,Normal
20180521000757.png,Normal
20180521000910.png,Normal
20180521001083.png,Normal
20180521001138.png,Normal
20180521001189.png,Normal
20180521001197.png,Normal
20180521001270.png,Normal
20180521001274.png,Normal
20180521001338.png,Normal
20180521001492.png,Normal
20180521001507.png,Normal
20180521001519.png,Normal
20180521001634.png,Normal
20180521001690.png,Normal
20180521001860.png,Normal
20180521001923.png,Normal
20180521002068.png,Normal
20180521002134.png,Normal
20180521002246.png,Normal
20180521002335.png,Normal
20180521002412.png,Normal
20180521002433.png,Normal
20180521002482.png,Normal
20180521002494.png,Normal
20180521002643.png,Normal
20180521002660.png,Normal
20180521002704.png,Normal
20180521002846.png,Normal
20180521002854.png,Normal
20180521002903.png,Normal
20180521002913.png,Normal
20180521002918.png,Normal
20180521002948.png,Normal
20180521003012.png,Normal
20180521003023.png,Normal
20180521003142.png,Normal
20180521003313.png,Normal
20180521003364.png,Normal
20180521003490.png,Normal
20180521003581.png,Normal
20180521003591.png,Normal
20180521003663.png,Normal
20180521003794.png,Normal
20180521003819.png,Normal
20180521003849.png,Normal
20180521003855.png,Normal
20180521003857.png,Normal
20180521004139.png,Normal
20180521004180.png,Normal
20180521004234.png,Normal
20180521004311.png,Normal
20180521004381.png,Normal
20180521004439.png,Normal
20180521004478.png,Normal
20180521004488.png,Normal
20180521004589.png,Normal
20180521004810.png,Normal
20180521004815.png,Normal
20180521004827.png,Normal
20180521004831.png,Normal
20180521004836.png,Normal
20180521004841.png,Normal
20180521004865.png,Normal
20180521004949.png,Normal
20180521005130.png,Normal
20180521005140.png,Normal
20180521005253.png,Normal
20180521005294.png,Normal
20180522000003.png,Normal
20180522000085.png,Normal
20180522000144.png,Normal
20180522000241.png,Normal
20180522000252.png,Normal
20180522000453.png,Normal
20180522000500.png,Normal
20180522000538.png,Normal
20180522000614.png,Normal
20180522000674.png,Normal
20180522000775.png,Normal
